<?xml version="1.0" encoding="UTF-8"?>
<beans xmlns="http://www.springframework.org/schema/beans"
	xmlns:xsi="http://www.w3.org/2001/XMLSchema-instance"
	xmlns:context="http://www.springframework.org/schema/context"
	xmlns:p="http://www.springframework.org/schema/p"
	xmlns:mybatis-spring="http://mybatis.org/schema/mybatis-spring"
	xmlns:c="http://www.springframework.org/schema/c"
	xsi:schemaLocation="http://mybatis.org/schema/mybatis-spring http://mybatis.org/schema/mybatis-spring-1.2.xsd
		http://www.springframework.org/schema/beans https://www.springframework.org/schema/beans/spring-beans.xsd
		http://www.springframework.org/schema/context http://www.springframework.org/schema/context/spring-context-4.3.xsd">
	
	
	
	<!-- Root Context: defines shared resources visible to all other web components -->
<!-- 	<bean id="hikariConfig" class="com.zaxxer.hikari.HikariConfig">
		<property name="driverClassName" value="oracle.jdbc.OracleDriver"></property>
		<property name="jdbcUrl" value="jdbc:oracle:thin:@localhost:1521/xepdb1"></property>
		<property name="username" value="ace"></property>
		<property name="password" value="ace"></property>
	</bean>
 -->	
<!-- 	<bean id="hikariConfig" class="com.zaxxer.hikari.HikariConfig"
		p:driverClassName="net.sf.log4jdbc.sql.jdbcapi.DriverSpy"
		p:jdbcUrl="jdbc:log4jdbc:oracle:thin:@localhost:1521/xepdb1"
		p:username="ace"
		p:password="ace" /> -->
		
	<bean id="hikariConfig" class="com.zaxxer.hikari.HikariConfig"
		p:driverClassName="net.sf.log4jdbc.sql.jdbcapi.DriverSpy"
		p:jdbcUrl="jdbc:log4jdbc:oracle:thin:@localhost:1521/xepdb1"
		p:username="ace"
		p:password="ace" />	
	
	
	<bean id="dataSource" class="com.zaxxer.hikari.HikariDataSource" destroy-method="close"
		c:configuration-ref="hikariConfig" />
	
	

	<bean id="sqlSessionFactory" class="org.mybatis.spring.SqlSessionFactoryBean"
		p:dataSource-ref="dataSource" />
	
	<mybatis-spring:scan base-package="net.developia.spring02.mapper" />
	
	<context:component-scan base-package="net.developia.spring02.sample" />
</beans>
